{"min_": [-1.335766310638926], "scale_": [0.008161592965208993], "data_min_": [163.66490173339844], "data_max_": [286.19000244140625], "feature_range": [0, 1]}